{"cameraMode":{"drawMode":0,"name":"Shaded","section":"Shading Mode"},"sceneLighting":true,"audioPlay":false,"sceneViewState":{"showFog":true,"showMaterialUpdate":false,"showSkybox":false,"showFlares":true,"showImageEffects":true,"showParticleSystems":true},"in2DMode":false,"pivot":{"x":-3.1596269607543947,"y":0.9320701360702515,"z":-16.53245735168457},"rotation":{"x":-0.0009151753038167954,"y":0.9894305467605591,"z":-0.006242732051759958,"w":-0.14500096440315247},"size":22.770090103149415,"orthographic":false}