{"cameraMode":{"drawMode":0,"name":"Shaded","section":"Shading Mode"},"sceneLighting":true,"audioPlay":false,"sceneViewState":{"showFog":true,"showMaterialUpdate":false,"showSkybox":true,"showFlares":true,"showImageEffects":true,"showParticleSystems":true},"in2DMode":false,"pivot":{"x":2.607758045196533,"y":-0.9878133535385132,"z":-6.841836929321289},"rotation":{"x":-0.025155160576105119,"y":-0.954900324344635,"z":0.08472960442304611,"w":-0.283490926027298},"size":13.137716293334961,"orthographic":false}